model,num of layers retrain,accuracy_test,accuracy_train,accuracy_val,img_size,seed,precision_covid,recall_covid,f1_covid,epochs,augmentation
MobileNetV2,54,0.8235294222831726,0.9057904481887816,0.7317658066749573,"(160, 160)",47,0.9222222222222224,0.8556701030927835,0.8877005347593583,24,yes
VGG16,9,0.8695651888847351,0.9615119695663452,0.7783109545707703,"(224, 224)",47,0.9619771863117871,0.8694158075601375,0.9133574007220218,35,yes
