acuracia-teste,precision-covid-teste,recall-covid-teste,f1-covid-teste,precision-non-covid-teste,recall-non-covid-teste,f1-non-covid-teste
0.9024722932651321,0.9770023815116383,0.8899198167239404,0.931424628743563,0.7456395332894572,0.939,0.8312014868767846
0.9254901960784313,0.9918630068270444,0.9073310423825888,0.9477130328231518,0.7839516675810226,0.9783333333333333,0.8704109193655136
0.8514066496163682,0.9828686538972861,0.8145475372279496,0.8908184081060978,0.6398634912340414,0.9586666666666667,0.7674567406010163
0.8483375959079283,0.9793150606201251,0.8134020618556701,0.8886767667870709,0.6363293343472685,0.95,0.7621436757854704
0.9068201193520887,0.9719533287551122,0.9008018327605957,0.9350222967529932,0.7620338652915668,0.9243333333333333,0.8353574751574844
0.9046888320545611,0.9701158172605361,0.8996563573883162,0.9335526006353323,0.7589996541034104,0.9193333333333333,0.8314820683631031
