acuracia-teste,precision-covid-teste,recall-covid-teste,f1-covid-teste,precision-non-covid-teste,recall-non-covid-teste,f1-non-covid-teste
0.0029070116478564913,0.003770335201242585,0.0022978526991731204,0.0019782918888700614,0.004206394455344691,0.010288929437289223,0.005540232145589067
0.0022004248959185714,0.0014060232481248518,0.0027790958001426575,0.0016026665771150326,0.005033681671373307,0.0037904902178945202,0.003503885062113803
0.003245507999679168,0.0023037941913946324,0.004373235665154735,0.002604049212145821,0.005284377734923642,0.005713464637233663,0.004263912680249707
0.0027814502965863488,0.001502637850275613,0.003512605090005451,0.002222443309705918,0.004437506361228043,0.0037139067635410406,0.0036240594889342123
0.0024844782255360057,0.0029278327920203868,0.0021608598791403926,0.0017034314169761553,0.004081960110637667,0.008172001541568767,0.004677166089907714
0.0024154301163730367,0.0020483221529753754,0.0035414683943629584,0.001782903208335656,0.006026946149043191,0.005832922809856752,0.0037737968173061132
